Participant,Snippet,Theta+AF8-Fz,Theta+AF8-Fp1Fp2Fz,Theta+AF8-F3F4Fz,Theta+AF8-F3FzF4Fp1Fp2,Theta+AF8-Extended,Alpha+AF8-P3PzP4,Alpha+AF8-Pz,Beta+AF8-Fz,Beta+AF8-F3FzF4,Beta+AF8-Extended
P1,snippet1,0.0207652377431928,0.02115965575788,0.0147000769914796,0.0173627921009772,0.0171161429705353,0.0141481510446863,0.0133902162277931,0.00162959545049919,0.00159736235331817,0.00199691973504244
P1,snippet2,0.0216481316869702,0.0260258654957826,0.0166630650598941,0.021283731996012,0.0203361636867021,0.0139224423095709,0.0110897259463574,0.00180108643745132,0.00176513205196969,0.00219954258572377
P1,snippet3,0.0204787217214817,0.0223317696544832,0.0162304363864835,0.0190415792802837,0.0184595733650585,0.0124005673027812,0.0109400136445906,0.00184178853221432,0.00164348576573394,0.00206222860066075
P1,snippet4,0.0211225021586671,0.0280325154251351,0.0164764016905155,0.0224808498376569,0.0217733163395639,0.0127968018759973,0.00979139860931296,0.00200236067106283,0.00184402141092247,0.00233767121318357
P1,snippet5,0.0258777855629965,0.037272997360705,0.017399974617491,0.0276282260743183,0.0245694493573987,0.0140008699109947,0.0123808759015737,0.00214297099452526,0.00198822214586468,0.0025959805945935
P1,snippet6,0.028802650248331,0.195390706596341,0.0262355268881963,0.127215210041056,0.100559275580965,0.0139780853183823,0.0122505196316086,0.00235737401531962,0.00347226516086848,0.00690517245031321
P1,snippet7,0.0174107192460496,0.0213339502469064,0.015326369711724,0.0185140481259683,0.0177265971626329,0.0125798775697334,0.0114893797509359,0.00206620736550464,0.00294536538291986,0.0046640194003331
P1,snippet8,0.0229094717287174,0.0307191681768734,0.0178754582115673,0.0245748814873209,0.0217524982162973,0.0134787261606958,0.0116056575286202,0.00181771259500809,0.00294191457005196,0.00479630387004437
P1,snippet9,0.0199450127118615,0.0323653829009648,0.0159748995637939,0.0250151669364829,0.0229606426987052,0.0167625881649389,0.0134280279448086,0.00199362614794331,0.00313075768833828,0.00501746100808694
P1,snippet10,0.017888569600605,0.0204021563525154,0.0147431529303654,0.0175094716496075,0.0163740572529177,0.0130441522895026,0.00979218247542707,0.00211440655641747,0.00269368732874304,0.00456412137382744
P1,snippet11,0.0224686954183049,0.0236522461496338,0.016856744293991,0.0198116551825139,0.0198984531791948,0.016288324417139,0.0107521148519553,0.00177077078140076,0.0026812123540569,0.0045149341334009
P1,snippet12,0.0231493248389813,0.0255382979351918,0.0174333850762051,0.0211531448390419,0.0192815630920514,0.013427066975312,0.0131880978428149,0.00190188710910516,0.00277734708466332,0.00453347196510024
P1,snippet13,0.0215098529303281,0.0263246129996985,0.0172422475785598,0.0218381457608893,0.0205978487729468,0.013179313895288,0.00999803510900254,0.00185174741868358,0.00183322815787353,0.00261414803945618
P1,snippet14,0.022608681095724,0.0296251317826433,0.0178537476610158,0.0239655914470507,0.0230539884685528,0.0119544134207836,0.00978436221759624,0.00173280716841578,0.00168545363809338,0.00235330670280765
P1,snippet15,0.0220204492230963,0.0245163140515809,0.0173713801997163,0.020728526706159,0.0197583744731442,0.0146888991006724,0.0135081811634422,0.00277496998909957,0.0022190534302052,0.00400267052508814
P1,snippet16,0.0197745400862336,0.0168970487530585,0.018234329793492,0.0171239191106836,0.0162375322168214,0.0147593856973623,0.0140903852820185,0.00182574304740274,0.00191541706097082,0.00248616103971686
P2,snippet1,0.0347064845735611,0.141896481570834,0.0165117956109897,0.088103669394382,0.0795743676137448,0.0041062803866974,0.00318842460165714,0.00282158960319264,0.0015871861596909,0.00304405756577575
P2,snippet2,0.0247623059856269,0.086393663843229,0.0122558269678888,0.0542372332895453,0.042121380776978,0.00422867529489668,0.00312894900890379,0.00338778573073637,0.0018114639794694,0.00222723397553762
P2,snippet3,0.0344281209020956,0.108675310529566,0.0158427223692224,0.067825195558854,0.0521303473619606,0.00379717952097405,0.00238571023057333,0.00341257189623304,0.00190457069097845,0.00270790970330098
P2,snippet4,0.0360718497768346,0.134250288741214,0.0169970746865314,0.0835340481012801,0.0642537902180864,0.00415310359729796,0.00359730398345046,0.0035871344252684,0.00196165526235245,0.00253036476635335
P2,snippet5,0.0355205499176664,0.128339429597181,0.0177878404733505,0.0805722520587858,0.0793798541222855,0.00555038997305581,0.00325444107719508,0.0025232656301385,0.00145288362198158,0.00267180119935028
P2,snippet6,0.0881244231488431,0.204846216985593,0.0351025046042362,0.126344348324129,0.0978454150008629,0.00554270857265427,0.00357504014427699,0.00816347016642468,0.00396174018364862,0.00483791144778162
P2,snippet7,0.0375832792285675,0.129310461404786,0.0164374587576777,0.0799320962517646,0.0609668343060653,0.00466320373523294,0.00406083971748727,0.00311345760799343,0.00187356247701278,0.00267179307886896
P2,snippet8,0.0392869969619144,0.118636056797644,0.0206300871082971,0.0757022869511818,0.23187127732219,0.00412746497118387,0.00324419192233565,0.00324709025000986,0.00175993605624281,0.00552754377549514
P2,snippet9,0.0447604203723626,0.187685651164607,0.0205708370140694,0.116001808832733,0.0882819646989819,0.00432601547982241,0.00308159321257056,0.00253234861384272,0.00141360068706821,0.00245172840431514
P2,snippet10,0.0213822175034276,0.0690621421884616,0.0106549556484245,0.0435538152014462,0.0336662378195418,0.00693311678539257,0.00456429100145599,0.00324027111039628,0.00191205323433137,0.00256081617745523
P2,snippet11,0.0636479364167751,0.173971425802503,0.0278062470533917,0.108337016430182,0.0829657758236416,0.00699963095015748,0.00422200489132285,0.00445417428838013,0.00241244609862457,0.00289638355369565
P2,snippet12,0.0349366672599287,0.134468250689689,0.0167930685534037,0.08376945809387,0.0947912499348822,0.00437791851199825,0.00301992387281772,0.00259455721764836,0.00145602122728643,0.00337201132689035
P2,snippet13,0.0171334940007395,0.0576332621771482,0.0100246505190228,0.0371680488175547,0.0439526311730347,0.00518592526365384,0.00331122761403733,0.00230787281447932,0.00138123023164689,0.00229860969601883
P2,snippet14,0.0300651023070071,0.1003924839302,0.0146719809525739,0.063025658468263,0.0599958097088094,0.00374418363141979,0.00264137285940295,0.00242925029912776,0.00137310819759557,0.00241396024849068
P2,snippet15,0.0638078424639383,0.169931912781311,0.0261343840750526,0.10487820962103,0.0799346045737198,0.00480519649098162,0.00416335455566298,0.00483645588708236,0.00263761895217832,0.00402623521514579
P2,snippet16,0.022494502521026,0.0823707373017918,0.0116882962071663,0.0519365196011696,0.0407842792758083,0.00378843139176546,0.00303253047915528,0.00264485905938601,0.00148513140646123,0.00208487594412252
P3,snippet1,0.0141214772985771,0.021936732293698,0.0141443970079355,0.0188243821212646,0.0180016690647777,0.0203247921536906,0.0111329225276647,0.00154002401294347,0.00131665403219589,0.00168042406325126
P3,snippet2,0.0140915616906659,0.0352240363269036,0.0147970386612564,0.0271943326547628,0.0250087556312877,0.020070530310998,0.0113968134892261,0.00168205438388075,0.00133162932980606,0.001666999863078
P3,snippet3,0.0131256187325587,0.0203996848304673,0.0137164398141561,0.0178445510402623,0.0181181156496604,0.0156016553121085,0.0103136141738906,0.00190501860659618,0.00132258245563411,0.00164320136639393
P3,snippet4,0.0154024080720772,0.0280391271805453,0.0141303376554657,0.0222211972871912,0.0216247439240064,0.0240471531625499,0.0194580783546862,0.00149505317105346,0.00130894027075783,0.00164311427322402
P3,snippet5,0.0142396654604782,0.0413048049480877,0.0158261027567939,0.0314306115308333,0.0290435683791835,0.0195103968803333,0.012572809861475,0.00166160968706125,0.00130932822125498,0.00173643393355078
P3,snippet6,0.0144515909177291,0.0233825614920206,0.0148616731131864,0.0200562225795784,0.0202744308683865,0.0182764331306321,0.0133513695589257,0.00188899744975149,0.00147711363198613,0.00206891506683843
P3,snippet7,0.00970641835636668,0.0148920200757483,0.0113649263631296,0.0138128841920534,0.014419663045377,0.0177617723325157,0.0110556705839085,0.00176718630875869,0.00127339432526154,0.00163906523796439
P3,snippet8,0.0117565736326836,0.0226774716187718,0.0137322651893271,0.0194945273583226,0.0183147130667709,0.0160158882511423,0.0119355375690496,0.00140918853846939,0.0012007051867324,0.00151517519069427
P3,snippet9,0.0100384509549007,0.00986309915694855,0.0133816025112724,0.0119391308099525,0.0121819300323943,0.023348878548247,0.0159797820097943,0.00150693938086201,0.00121664899411288,0.00181697092950024
P3,snippet10,0.0125643983181998,0.0146812315861642,0.0122619933426474,0.0136530552936469,0.0137925231721504,0.0235608769045121,0.0156311028224332,0.00154670189190301,0.00125459654070393,0.00165613205798132
P3,snippet11,0.0166912911970704,0.0264162269720239,0.0158231745875867,0.0220053826963523,0.0211514911516294,0.0207569060893766,0.0155647908642627,0.00172495435458163,0.00142710934384416,0.00189509290530268
P3,snippet12,0.0142173262553129,0.0202935738401218,0.0123116138917925,0.016719647388086,0.0166533781010472,0.0173815445465665,0.0147046081243948,0.00175555470835463,0.00136806410470186,0.0017068447781268
P3,snippet13,0.0169740208168457,0.0187804171951606,0.0144558693831575,0.0165469677836217,0.0170557549028508,0.0192487631394981,0.0139872638967455,0.00191783327580437,0.00147489565473294,0.00199467444042992
P3,snippet14,0.0120864977243842,0.0241919597856146,0.0149659383199669,0.0210774393184721,0.0191188981627664,0.0147557005233439,0.0114307762142328,0.00139887377971805,0.00111650581237542,0.00155227886931476
P3,snippet15,0.0130485835996212,0.0120940647048653,0.0111910013138087,0.0113613228912801,0.0109767662262167,0.0218966457690891,0.0156014166402771,0.00183250521628838,0.00150493010942474,0.00186872741055876
P3,snippet16,0.0117799008435441,0.0112159372463691,0.0124230525442646,0.0118274137056714,0.0115441673460962,0.0192413863004172,0.0112160542480444,0.00140746943436888,0.0011051305018908,0.00133190979789689
P4,snippet1,32.5883377025761,65.424202321707,43.9401139639251,59.100922230864,53.8596999339524,38.6313310893411,49.2052877192993,5.19431066630476,4.83771718392821,4.90218347049568
P4,snippet2,0.0268288699788125,0.0382570043332706,0.0154130534942268,0.0268362607007359,0.0222514588671412,0.00759449106546264,0.00578761482541512,0.00398496861810049,0.00271957277694209,0.00250105964286955
P4,snippet3,0.0264511694060324,0.0728849016484373,0.0187754344977759,0.0497059678065215,0.0403158899661745,0.0098425573429433,0.00837623219653632,0.0117996578298909,0.007125189666099,0.00515974499691464
P4,snippet4,0.02399767036863,0.0450180818374394,0.0164518096394956,0.032082400812435,0.026720269657139,0.00509150979237323,0.00498260561150899,0.00490898633065582,0.00305442358976547,0.00253417478420575
P4,snippet5,0.0172235799821598,0.0515106601528325,0.0121546894034717,0.0347544937373506,0.0279225909215363,0.00641457702926624,0.00538933465279798,0.00514404311193109,0.00347873246968641,0.0029597391904221
P4,snippet6,0.0299530480879529,0.103738151836423,0.0178245601113285,0.0669470175510603,0.0518788979765541,0.00549754797081317,0.00452615891698536,0.00463714181760176,0.00276337700234627,0.00273747208136138
P4,snippet7,0.0265004471908274,0.102886269883812,0.0191751642056287,0.0679367710154987,0.0544127653321973,0.00653312948498601,0.0058729041352726,0.00525825769929788,0.00346312976747198,0.00288119790839388
P4,snippet8,0.0308640156274718,0.0605231081445471,0.0187444485933973,0.0413877309172723,0.0334529704105053,0.00665867771650751,0.00587358041815859,0.00559700180789457,0.00325452277896991,0.00313293889887718
P4,snippet9,0.0235248037041194,0.0700597216193351,0.0154791883684647,0.0466183852518559,0.0379976271223059,0.0081951201635393,0.00577429119560702,0.0055491002463402,0.00345791042039278,0.00298647184135721
P4,snippet10,0.0248139749850899,0.0373406525678562,0.0153831020160843,0.0266714577533463,0.0228915520920733,0.00682582556106964,0.00509155992648567,0.00422413537557227,0.00238954038637538,0.00224689015086197
P4,snippet11,0.0244577553346253,0.0333980150569253,0.015914447906338,0.0246959267110329,0.0210893430259086,0.00589960797052127,0.00524087535575812,0.00398797572580533,0.00276971704910347,0.00259647056805519
P4,snippet12,0.0229668458621771,0.0366258738946437,0.0148766275898992,0.0263081317182903,0.0222614979107741,0.00518468665600396,0.00428571438812412,0.00389660212856135,0.00233395899379674,0.00224608235748624
P4,snippet13,0.0162566466893016,0.0215858583955311,0.0126466464033587,0.0172881735414736,0.0152888773040663,0.00550023044966455,0.00530548841843014,0.00415489265179876,0.00257963467714473,0.0023760353347382
P4,snippet14,0.0224370163936631,0.0431365674291779,0.0142006802669149,0.0299149453389231,0.024464435553386,0.00629405135683087,0.00623533884830693,0.00409722812957503,0.00260003794274802,0.00246886156160692
P4,snippet15,0.0248648988838617,0.0401854957542739,0.0167336995905201,0.029178537430104,0.024646588535075,0.00551313366827162,0.00549557274728216,0.00633438018248931,0.00407998107683617,0.00329592324637921
P4,snippet16,0.0194316734418607,0.0393595189044692,0.0136142905831825,0.0278979510042188,0.0236500405120502,0.00678074885029823,0.0054049471252631,0.00453750898230453,0.00295996996331458,0.00261401707698319
P5,snippet1,0.0137211686152777,0.0167103132251798,0.00984523708216693,0.0131890964613525,0.0120762006121772,0.0048479152089582,0.00465224179218409,0.00374815095731511,0.00236824638521538,0.00298195179069483
P5,snippet2,0.0104543728313899,0.0405391654508233,0.00890034534504202,0.0275728319112412,0.0234144797853652,0.00351978507793143,0.00278638348286179,0.00364969359119673,0.00228867185248664,0.00251040575238137
P5,snippet3,0.0147312683912547,0.014790845204054,0.0112928795293327,0.0127039811617811,0.0113696560677817,0.00306505795770904,0.00368358510350399,0.00408220925339575,0.00236874919068724,0.00308473004454796
P5,snippet4,0.0184557910865358,0.0344370823010719,0.014113796504701,0.0254393690661566,0.0208223553098744,0.00390278230744455,0.00385501217464046,0.00568105641674364,0.00325945687702083,0.00534937968502334
P5,snippet5,0.0282505732999232,0.0829565808291748,0.0197644380985648,0.0559824966966591,0.0430081317885928,0.00448605233351994,0.00418561217157836,0.00356572407238056,0.00218139404888418,0.0026946352846122
P5,snippet6,0.0175251544802762,0.0162377127199794,0.0123615315257218,0.0136545156513655,0.0126173343681095,0.00386159526208194,0.00384693436231912,0.00635935135360165,0.00349657520000278,0.00506441474957567
P5,snippet7,0.00714155702298483,0.00831921894827579,0.00650674453248739,0.00746726668386094,0.00768912008643455,0.00290875245550314,0.00234404147295341,0.00465026045967057,0.0027257062636551,0.00339813333169531
P5,snippet8,0.0221062421509564,0.0290908494624757,0.0141471114417452,0.0215215281123413,0.0179942149669926,0.00347128849495452,0.00368902714068513,0.004190333813861,0.00244759106728675,0.00325503701468807
P5,snippet9,0.00941082409452054,0.0105485387323125,0.00874313868017156,0.00969284162858633,0.00945153609328809,0.00316203913001078,0.00345811296401142,0.00538375243800699,0.00305593903085093,0.00435409791157211
P5,snippet10,0.0101002169282175,0.0223595211822143,0.00982529871311422,0.0172908485515536,0.0147276138326009,0.00399159967628966,0.00361928188276054,0.00497136173708965,0.00289663381874918,0.00349686824216291
P5,snippet11,0.0203782335135833,0.0304797226644942,0.0142506684713124,0.0227625879787673,0.0190449871588141,0.00385477011439265,0.00405143695880053,0.00582673146671863,0.00329869625510176,0.0049998272285756
P5,snippet12,0.0134722746341982,0.020609565260496,0.0105484545465215,0.0160003569573709,0.0136892464242005,0.00364992876723593,0.00347857072385074,0.00507827022911368,0.00290727090320832,0.00393956039755596
P5,snippet13,0.0226028776781986,0.0224165997225635,0.0131017195535829,0.0167904160300481,0.0146703301049262,0.00784087048641687,0.0112426412986105,0.00435778308305517,0.00264565713563329,0.00388109567780439
P5,snippet14,0.0103784582821711,0.0100941735917099,0.00966802139573364,0.00978162533603193,0.00947536657235805,0.00422926621956593,0.00436651726159412,0.00503764151789417,0.00303205501635418,0.00484880662098679
P5,snippet15,0.0400448530437272,0.0536164761896287,0.0248140624180209,0.0390493525558443,0.0308641482416361,0.00420504355757021,0.00392453306770439,0.00641714009054311,0.00346554835428447,0.00479128146368966
P5,snippet16,0.0108978747890031,0.0354540810706287,0.00891425576493989,0.0244414271435405,0.0200048676324261,0.00441966710656707,0.00407539336413821,0.00364368353376252,0.00228486600771519,0.00255108925359665
P6,snippet1,0.0085979191560223,0.023297524092394,0.00792659819515587,0.0170148895413255,0.0148668806880431,0.00472231397005388,0.00441717038303904,0.00326817763411567,0.00182046788782603,0.00203754261806911
P6,snippet2,0.00718289088058514,0.0109297241695665,0.00625943939540427,0.00887691996286541,0.00800585914973559,0.00419102584194838,0.00331566831599418,0.00295368047499124,0.0016735743785403,0.00186599784541801
P6,snippet3,0.0077237005873936,0.0185717007783241,0.00704179820474145,0.0138233592723606,0.0122010684612435,0.00439337152323663,0.00424642477307592,0.00224159309361092,0.0015658301056184,0.00167745780290612
P6,snippet4,0.00784651043680116,0.0260619682900946,0.0076960087065584,0.0186854841106315,0.0165872779148082,0.00487977850319292,0.00469875156994899,0.00295249371509854,0.00176408546340077,0.00195484236358973
P6,snippet5,0.00591103833640223,0.0092816407672273,0.00683935041495034,0.00849038704202613,0.0081877877534279,0.00441926449231995,0.00401423422375275,0.00394226568338125,0.00214946558851866,0.00234763981661697
P6,snippet6,0.0115501552788974,0.0218425348147854,0.00942968680216262,0.0164533019143893,0.0155608529787608,0.00582538082747437,0.00467729639532297,0.00312738470795029,0.00184783261144611,0.0021547758499459
P6,snippet7,0.00740825407186721,0.0103117900215255,0.0070218874768,0.00891855568462184,0.00889409526290891,0.00510295219068132,0.00422978959481822,0.00305939968882869,0.00180152595137785,0.0020600778216988
P6,snippet8,0.00818152350522844,0.0285096059111784,0.00826437526062178,0.0204280840020344,0.017810414742875,0.00421714823329306,0.00365717778639145,0.00256760045667635,0.00166053324869725,0.00185603205261374
P6,snippet9,0.00627826656933263,0.00614437227792823,0.00535942109309351,0.00564662270874651,0.00553354427085817,0.00422661592633087,0.00437463012572718,0.00203095504843948,0.00147885087277822,0.00165225824206839
P6,snippet10,0.00745903574835304,0.0124709722231645,0.0073973148381199,0.0104291650871,0.0102871906705942,0.0042779550827745,0.00417229168315911,0.00323077134273325,0.00171579278670194,0.00186976752950336
P6,snippet11,0.00817050127061698,0.0225363103000239,0.00719099816322015,0.0162022848238231,0.0141581967831014,0.00445541226810774,0.00387651813050465,0.00476555684106647,0.00246635645898641,0.00247404281400066
P6,snippet12,0.00679453287976962,0.018047874827805,0.00640962573896158,0.013315593764106,0.0116009270407199,0.00546606423219682,0.00452617102787963,0.00367378911915462,0.00195512622474249,0.00211947240648401
P6,snippet13,0.0063240558592051,0.00946673958795782,0.00587195904227024,0.00793840800629582,0.00783661741273104,0.00492727590812037,0.00472463940329292,0.00240229277524451,0.00156913266738329,0.00181828411381784
P6,snippet14,0.00474525367163881,0.00858953033692551,0.00501546345631932,0.00721394554161913,0.00728257891850542,0.00363448330655015,0.00355615732407413,0.00224968155844202,0.00162165559904942,0.00173271483909111
P6,snippet15,0.00850410093503398,0.0219327961713298,0.007778986139281,0.0161262491993597,0.0145831450773694,0.00486528189141367,0.00406026708383463,0.00306784111939842,0.00175881137024352,0.00199056228986094
P6,snippet16,0.00992090131677496,0.0301745586740785,0.00891368413924824,0.0214687654246411,0.0182817311799601,0.00616205616900506,0.00580559927493012,0.00692163859248797,0.00346756905934474,0.00307747525532005
P7,snippet1,0.0904111486548198,0.257247636415776,0.0432295421761403,0.162204077424186,0.123205920228318,0.00645881635813726,0.00466208353475131,0.0023765065186135,0.00205288321561692,0.00257600704866261
P7,snippet2,0.0389939238494861,0.193723626204197,0.021573609453099,0.12137955662448,0.0930958616523289,0.00494465414658581,0.0040568243851861,0.0027329136037527,0.0017873915206249,0.00238319736082622
P7,snippet3,0.0251096244687821,0.0860811624630564,0.0147027907829199,0.0554484470538293,0.0437006797758203,0.00419935239062701,0.0036835393802048,0.00279911476882026,0.00176673505782699,0.00229643881748912
P7,snippet4,0.0369226723701957,0.163070482638362,0.0198525134185518,0.102369263160109,0.0786995231320197,0.00529747635917629,0.00414889224528288,0.00284154780547478,0.00188744853852171,0.00251014857680805
P7,snippet5,0.0385818515510928,0.165768528742509,0.0216338223080999,0.104725040320147,0.0804240280123874,0.00533197067246467,0.00424425089331619,0.0030604776060922,0.00228764072124201,0.00284023987829338
P7,snippet6,0.034393536298778,0.113787599400702,0.0202899977416817,0.0735678510256745,0.05829536171899,0.00464550857930548,0.00424810847817758,0.00303091002498425,0.00212479583322469,0.00260430476633892
P7,snippet7,0.0191045990913047,0.0995621572160444,0.0128478871781749,0.0636251068182707,0.0500883410167265,0.00384279221137028,0.00310871787704641,0.00271155368998454,0.00192077309257291,0.00247933339789729
P7,snippet8,0.0305291017619989,0.125698249023169,0.0227824754710079,0.0829826143441066,0.0642514985168636,0.00518949212206112,0.00426218331608818,0.00236134485233125,0.0018516734627572,0.00226462196118757
P7,snippet9,0.0321912923605933,0.140279568665281,0.0187456012944519,0.0889768435037212,0.0685774695551932,0.00524856657839771,0.00473615536947386,0.00271859320296847,0.00195240829227761,0.00268866683328138
P7,snippet10,0.0252436567371531,0.112698331073668,0.015855577326287,0.0720836136925424,0.0568612593189543,0.00393275187564898,0.00370733108306721,0.00264718436789647,0.00165589532406609,0.00218957346504905
P7,snippet11,0.0472752369316578,0.184362551305883,0.0249162823360284,0.116112252798815,0.0898581638261714,0.00573562623125953,0.00417024374495609,0.00383186501870284,0.00340786703343726,0.0038747320952216
P7,snippet12,0.0400067529142441,0.212925651931511,0.021358983615844,0.132569430745564,0.100888777925397,0.00492059942222621,0.00361672096355709,0.00269520030848783,0.00190703279246053,0.00250791792167571
P7,snippet13,0.0467991877464804,0.175374572323543,0.0231598217418642,0.109760798889949,0.0841175012934742,0.00536594436337764,0.00426248877488817,0.00276846388829565,0.00197418310679337,0.00263048972487679
P7,snippet14,0.0308939886545868,0.193477759770594,0.0195008254680415,0.121608353412264,0.0937338990448011,0.00639019086781429,0.00399204135227367,0.00315147978349754,0.00244067495072361,0.00328330199800346
P7,snippet15,0.0303579097531297,0.128670336047119,0.0169032781354971,0.081272586558944,0.0629866660102404,0.00516653640377375,0.00391620452376631,0.00305329797384061,0.00200717111115935,0.00234370028447128
P7,snippet16,0.0392702987826574,0.196639092854978,0.0209581360480675,0.122704277585296,0.0943889169020411,0.00472948753719243,0.00347377811133261,0.00372244492505863,0.00262559767733554,0.00306653289372665
P8,snippet1,0.00895729155886989,0.00866906615804825,0.007710094399612,0.00803603802282217,0.00766221449267535,0.00227077149812443,0.00247604681438065,0.0041903158317784,0.00263261188323985,0.00245394613979403
P8,snippet2,0.0103753317110891,0.0591612076336699,0.00989985152565518,0.0393615691533772,0.0335988548705856,0.00264830520943995,0.00251847579410895,0.00315780786605385,0.00250722494179259,0.00286592631144949
P8,snippet3,0.00819114955243456,0.020614351878987,0.00715795575713344,0.0150251546711854,0.0126863019397926,0.00260188896149387,0.00314966586940347,0.00429012123701946,0.00259845981639847,0.00239156807952929
P8,snippet4,0.00798866877068799,0.0143759982142138,0.00699057128055517,0.0112222079427238,0.00963490126724066,0.00222387688508845,0.00271670027250606,0.0035807812671246,0.00235252648883178,0.00231489750769073
P8,snippet5,0.0078723840903718,0.0103767393237464,0.00656617764911057,0.00859127336563979,0.00786035902365953,0.00221247615894916,0.00223241839703235,0.0026151368131755,0.00222071694139698,0.00230592552658748
P8,snippet6,0.00988624531041766,0.0182970042197318,0.00818925929532739,0.013914509046952,0.012131489151147,0.00261959581421595,0.00249215272357707,0.0044588350886078,0.00272133960667794,0.00248734592086241
P8,snippet7,0.00638255940168658,0.0139568789039088,0.007163929016738,0.0113959728720508,0.00980017861950195,0.00204160407103168,0.00190517956340787,0.00286575648132322,0.00213190421946496,0.00218322857105241
P8,snippet8,0.00917847456206929,0.00962657703827585,0.00768678105424608,0.0085523199430993,0.00776525230851143,0.00198011817890124,0.00180103323821903,0.00321751805656226,0.00216560211559213,0.00224155714688794
P8,snippet9,0.0106068901711494,0.0150459643914981,0.00775253157804457,0.0115577195474957,0.00982439156870133,0.00201170510428395,0.00221195968141999,0.0050587213049393,0.00304300616334577,0.00286282708655243
P8,snippet10,0.00704339251811956,0.0135552290660701,0.00648036349414479,0.010612677032505,0.00912935344456634,0.00210203525278829,0.00220344453928381,0.00351785274546849,0.00241155959396966,0.0024148788719615
P8,snippet11,0.0117903928688188,0.0284449390721271,0.00848515910657128,0.0197999803334553,0.0175144143419066,0.0021335184599249,0.0020227506020995,0.00438636422314116,0.00278739488515856,0.00302436446945757
P8,snippet12,0.00638349077536497,0.0114676797503465,0.00634323599945273,0.00940985129480652,0.00816551070747338,0.00194178224997378,0.0020732691543814,0.00322242906907605,0.00214151306453218,0.00211259227928248
P8,snippet13,0.00943320153083294,0.0144869978992652,0.00728813787412948,0.0111784411578702,0.00939050131554773,0.00227619072750345,0.00204466649352019,0.00301171742860489,0.00210865631550664,0.00238483180242364
P8,snippet14,0.00867522099729698,0.0192578294517196,0.00646128666147501,0.0136964254684574,0.0116058747547588,0.00191369187985718,0.00263440826936231,0.00291080593784049,0.00197563252725699,0.00195040588584954
P8,snippet15,0.00686511397543089,0.00762607149113289,0.00674420725675708,0.0072491444536478,0.00695294149544495,0.00243256872514836,0.00239120748622519,0.00349432397992712,0.00245760084775835,0.00235739533338855
P8,snippet16,0.0102655199703962,0.0415395179945099,0.00984417797877981,0.0287771135898946,0.0238476730345851,0.00241693333444187,0.0026529372779405,0.00316481939148378,0.00220574466834444,0.00252685304460817
P9,snippet1,0.0174586066093381,0.131900717377944,0.0117774185771245,0.0827151602511733,0.0645952923348281,0.00386452226831387,0.00307522100459097,0.00598643235070379,0.00318290310817544,0.00327473811919499
P9,snippet2,0.0109463348583348,0.037971568164909,0.00693277988064267,0.0247533418556641,0.0208297297149665,0.00376201745816453,0.00274353558988163,0.00504731139605071,0.00272390639209091,0.00284736938668338
P9,snippet3,0.0137925344662393,0.296543721246715,0.00876643461760085,0.180427586625342,0.133254120280816,0.00360728519637546,0.00298631831339976,0.00589989566705999,0.00291929344347106,0.0033571558232558
P9,snippet4,0.0104633858167892,0.136750650832187,0.0066635818123265,0.0839558624233502,0.0629767247590839,0.00422766506840211,0.0031975293906293,0.0035669956644433,0.00209296782101242,0.00254838074464608
P9,snippet5,0.0157995933655901,0.0659401709816572,0.0092788762696237,0.0419715096776505,0.0342163171682748,0.00647451660658692,0.00457031972763689,0.005646810709894,0.00326040843953754,0.00362428789774795
P9,snippet6,0.201511588977097,1.58589013958924,0.0754393638766605,0.956495384284118,0.69851646826925,0.00686745884544778,0.00358791633571326,0.011919747087741,0.00544850234052303,0.0048443890272048
P9,snippet7,0.0112185567217929,0.0426727657383147,0.00709596482940355,0.0276175269962724,0.0224986271234146,0.00355700864211307,0.00256308599884134,0.00570488446354857,0.00301910657903503,0.0031867189794526
P9,snippet8,0.0165449328442811,0.168706298543014,0.0098902423532371,0.103848937968894,0.0788883400226109,0.00509423939633705,0.00352298660564606,0.0030631349132519,0.00179664316222369,0.00211320879182463
P9,snippet9,0.0739665822607782,0.268222258502477,0.0309621188959399,0.164717309986895,0.121996670382028,0.00430878882345029,0.00295895392686322,0.00651645595074443,0.00371407103798351,0.00396860555055047
P9,snippet10,0.0593452058641173,0.0756910284925878,0.0228879183949351,0.0472783269596903,0.0363986878710111,0.00278556000471647,0.00201224979445445,0.00523587946656645,0.00279504176516097,0.0029233567486228
P9,snippet11,0.142351390925928,1.18234047940843,0.055358656410993,0.714149203306467,0.521037799375653,0.00629407275142754,0.00373025824840545,0.00823765854355416,0.00414507903774813,0.00385564562490408
P9,snippet12,,,,,,,,,,
P9,snippet13,0.00855006303237925,0.0157207746215901,0.00565801430372612,0.0111172607487139,0.00974077004106287,0.0032372360976889,0.00256820067862595,0.00411373364618739,0.00223877679516334,0.0021171444328509
P9,snippet14,0.0393947959373299,0.194146022603474,0.0195229825174424,0.120322443885084,0.089996194262134,0.00588661881350042,0.00398210685404153,0.0045805634812624,0.00265879055592739,0.00276443990908042
P9,snippet15,0.130326051578412,0.490638016052044,0.0513991121206889,0.299157066587957,0.228298620793442,0.00632672539206826,0.00510118161959686,0.00801770757136813,0.00402130879832839,0.00391105837591712
P9,snippet16,0.220035925459177,1.65759264065094,0.0831673160925298,1.00044878895425,0.728144281180528,0.00767541610520409,0.00477057322028396,0.00624731284776148,0.00329699174010734,0.00371728759780371
P10,snippet1,0.0535501142871865,0.222877806467684,0.0347476253431183,0.143865236229044,0.119116834841075,0.0149420890092169,0.012518149362458,0.00906605866266158,0.00662085214343619,0.00731833793569775
P10,snippet2,0.0928992346746973,0.476686417854514,0.0487459558859812,0.296679577309358,0.244086859489311,0.0189647027649352,0.0151199317148027,0.00881569811511061,0.00635546099499219,0.00732523812222782
P10,snippet3,0.115225881751939,0.425699158349855,0.0544585628588465,0.265049456374833,0.219147457874081,0.0210981043957331,0.0172265938577123,0.00822962085259104,0.00597929635142394,0.0069064298734287
P10,snippet4,0.0531198132294825,0.314975989936535,0.0310082262885925,0.19696656708918,0.171116424562053,0.012777076386318,0.0112869767306701,0.0116343991853026,0.00947914375186889,0.0114364147561182
P10,snippet5,0.0522955826709771,0.295897016330464,0.0316218022981556,0.186052174642976,0.155503720837269,0.017630248509872,0.0173916657970933,0.00708092491505771,0.00553486934269331,0.00653777609654594
P10,snippet6,0.0486507305162153,0.142806790184236,0.0354336699906179,0.0972141300016692,0.0842836128445054,0.016060376116639,0.0159643304437693,0.00781481637271683,0.00626768972674564,0.00699597343631907
P10,snippet7,0.0409178206364083,0.204196528011697,0.0237637550379256,0.128592605702492,0.10813874520037,0.013622325186582,0.0113295339978566,0.00790652735873139,0.00604056505744381,0.00705063169485405
P10,snippet8,0.0828212994445852,0.297549141528525,0.0461005165764927,0.189625534974094,0.153334898739342,0.0148711049187424,0.0154550816389578,0.00771679055861047,0.0060268375079899,0.00675584131358986
P10,snippet9,0.0640016795735366,0.324082468891098,0.0362691613416551,0.203410642224945,0.171697392206789,0.0210567287269692,0.0162820311451098,0.00749480920380494,0.00653084075749688,0.00726517744412987
P10,snippet10,0.0358373742579699,0.102966835408632,0.0300395827906913,0.0726363760680002,0.0623310431868127,0.0136367293404164,0.012816757853419,0.00839786949599869,0.00588363829074982,0.00603936645714977
P10,snippet11,0.0594357031949137,0.279406343137895,0.032820815552413,0.175449154575202,0.150702049111367,0.0143288948507525,0.0136918824441109,0.0080518890321788,0.00644931521194245,0.00660440262244494
P10,snippet12,0.060581590445696,0.320915691792054,0.0343028887332431,0.201014830226039,0.170278426074448,0.0138664768307138,0.0127847189886694,0.00840342609550726,0.00629121560777693,0.00701639205822185
P10,snippet13,0.0687090957889808,0.266466804837623,0.038158764739132,0.169033522588257,0.143163060164524,0.016090225337624,0.012489173887519,0.00830511940253645,0.00649586909354612,0.0068766838896375
P10,snippet14,0.0616667057788465,0.252711698207415,0.0337122227945852,0.159521011445431,0.134275452112298,0.0140325845977854,0.0109420694316756,0.00722365308544201,0.00591686501930434,0.00652375665523948
P10,snippet15,0.0695370561500208,0.31673951037474,0.0353201119656857,0.197328362174251,0.16604070811344,0.014449343318322,0.0118175539552232,0.00634263470208414,0.0052929737655947,0.00606051566634466
P10,snippet16,0.0542743632999085,0.25650132412965,0.0315868563429303,0.161998035623567,0.131698821079524,0.0190408191926872,0.01476095806235,0.00809789406670217,0.00618259036098343,0.00691849346870993
P11,snippet1,0.0193767959047935,0.016832468336139,0.0139650375852566,0.0146031443718787,0.0139647435266851,0.0112598668361554,0.0105568189494381,0.00738051618338132,0.00387451076465961,0.00356544877639254
P11,snippet2,0.0232527224238757,0.0267258860064692,0.0168235055666544,0.021479090459099,0.0192985833640677,0.00935577425636983,0.00883796545554921,0.0103731968039028,0.00502607068191101,0.00385737436385529
P11,snippet3,0.0357561729021062,0.0613259883616822,0.021216709392656,0.0423743840721817,0.0351810501432367,0.00829806246001713,0.0079869931094783,0.00794751726455604,0.00400215217475589,0.00332089221574012
P11,snippet4,0.0321147033858463,0.0327877554459191,0.0193802539165999,0.0248778649403421,0.0227200965773394,0.00911541952799272,0.00908540776855513,0.00972055541112132,0.00471269505195245,0.00386391456054423
P11,snippet5,0.0236947938081943,0.0222275994691665,0.0168814367223716,0.018726462953284,0.0174325798595108,0.010094128893391,0.00899905313126579,0.00637834684050374,0.00346253395495268,0.00325568879973891
P11,snippet6,0.0396598365150024,0.0233946061530354,0.0214919304747142,0.0189999546736493,0.0199824232679838,0.0081317715986692,0.00740104223548008,0.00839549318300769,0.00447731311733554,0.00405085610480591
P11,snippet7,0.0169835431838485,0.0134390040212499,0.0120159995943038,0.0118762935325625,0.0117749370965474,0.00802060238442931,0.00697608063417749,0.00794150427797572,0.00429232251453039,0.00354925705501364
P11,snippet8,0.0271991694227441,0.0186906159292958,0.0178065922407734,0.0164584910174927,0.0169063476539791,0.00908083954391086,0.00810882277242465,0.00699643610445963,0.00374626240880107,0.00328050909549136
P11,snippet9,0.0126608611549193,0.0132187456673106,0.0120601586244163,0.0126351703440523,0.0119591290757891,0.00895209066863007,0.00787540287431205,0.00683458361414517,0.00372771825408168,0.00358541959556101
P11,snippet10,0.0199425689370233,0.0179998979788323,0.0144632663064605,0.015489384783771,0.0151547146245044,0.00815413070240574,0.00635192724196857,0.00978593320218824,0.00488910421138892,0.00412375291697943
P11,snippet11,0.033296409179938,0.0618391100346344,0.0197406276085984,0.0422885607499521,0.0375158298498558,0.00636042416389392,0.00615682798823296,0.00790748828604254,0.00401649352238699,0.0039082325042584
P11,snippet12,0.0290960548746832,0.027888424800823,0.0191405373272024,0.0223981663018786,0.0198414986190074,0.00908936377334921,0.00709965601424924,0.00871275080274542,0.00449860560083813,0.00388100233493026
P11,snippet13,0.0220631773550749,0.0151417368150607,0.01439758433419,0.0133109572185354,0.0126038499794895,0.0111486302591913,0.00901396329234353,0.0086208443847684,0.00427252093220027,0.00342804636718836
P11,snippet14,0.0245737505927765,0.0583605234254664,0.0174708683127082,0.0405840849243495,0.0345523213714241,0.00766341909266295,0.00578634545837158,0.00602905197493377,0.00324941459640242,0.00304264808567151
P11,snippet15,0.0252912053503507,0.0186512699192144,0.0174489624388883,0.0166018983447915,0.0164296264110438,0.00866082919047641,0.00817935664432077,0.010021756275935,0.00503882317030471,0.00407057486740958
P11,snippet16,0.0204799357124059,0.0138448072956194,0.0139470084420391,0.0125791023001139,0.0122458149847335,0.00768385948969429,0.00693920270750043,0.00830026742585128,0.00406864624839686,0.00341388536840018
P13,snippet1,0.0349369318138733,0.0724889981755935,0.0176659895509017,0.0471056062731224,0.03803406492268,0.00485716531822755,0.00457760587640246,0.00268609613454765,0.00232112309521909,0.00285792467725947
P13,snippet2,0.0339525438439416,0.0419867838952028,0.0161474384857507,0.0280900246597838,0.0232843947146318,0.00635124728456692,0.00485066256258405,0.00549479954388418,0.00303204437203732,0.00355094328722362
P13,snippet3,0.0274548768267343,0.0624915716068945,0.0149646945108452,0.0409827843052969,0.0333323163444548,0.00579494701784991,0.00437640257802114,0.00391781852637993,0.00219524198497834,0.00291311203007987
P13,snippet4,0.0352846202714288,0.0541245315197828,0.0170487210671045,0.0356470274978466,0.0293051859989363,0.00584531567856552,0.004426354294431,0.00297297867107982,0.00180874818125178,0.00243566518943365
P13,snippet5,0.0414455405822312,0.083586887270714,0.0201332602261339,0.0539429803816625,0.042002322430682,0.00653275764807841,0.00602349726120164,0.00386248279668762,0.00231910153107719,0.0029931980896735
P13,snippet6,0.0306352385322945,0.0669413328891145,0.0155385731451353,0.043360895914091,0.0348609273118235,0.00557043141739552,0.00456682008352715,0.00492844708778521,0.00280230467385802,0.00320662668955135
P13,snippet7,0.0362235994598998,0.063561060104117,0.0177626899149463,0.041549530119458,0.0333061201175258,0.00502607570681185,0.00407725481225983,0.00580260741889792,0.00297195784089589,0.00341039198579218
P13,snippet8,0.0385141554259004,0.0747019003685347,0.0192549056098274,0.0486712525018372,0.0388957169167939,0.00454313629816744,0.00376324150090894,0.00330538594444643,0.00245406734323975,0.00278317698574138
P13,snippet9,0.0205189512833798,0.049408926949317,0.0120902647335222,0.0327957247530275,0.0261854267495552,0.0102294538309484,0.00769274532834938,0.00416359438255502,0.00231873377617167,0.00255371789567539
P13,snippet10,0.0278853476868665,0.0585038539678275,0.0141989159468937,0.0380445924114594,0.0303521211525905,0.00685881225621551,0.00415781530585043,0.00313938084317838,0.00201054103274868,0.00247482372863778
P13,snippet11,0.0955938578256678,0.0879308766606147,0.0395641265586291,0.0573782303664127,0.0494312861912896,0.00565793090238023,0.00426314263261637,0.00664179205102879,0.00694077147694436,0.00846536800767553
P13,snippet12,0.0341574699274516,0.0493853117524792,0.0170567717414075,0.0330337561108417,0.0268822901681651,0.00632658738622484,0.00567125225303654,0.00394191600784771,0.00228143288019238,0.00309581194052958
P13,snippet13,0.033038108331306,0.0604917318033907,0.0165614210629682,0.0396242700535542,0.0319525531337099,0.00632434385819028,0.00455626520275447,0.00610589116325186,0.00292997078418222,0.00333535697580565
P13,snippet14,0.0255264583141937,0.0347045987824193,0.0138210884601157,0.0240101206826822,0.02069852995887,0.0043389126386825,0.00282526730942082,0.00249681816040006,0.00183432891391418,0.00236555992023258
P13,snippet15,0.0265372453431989,0.0581276501668309,0.0140792003037392,0.0380166612137023,0.0303739701913896,0.00487209623768564,0.0038376774229513,0.00755293780292139,0.00387380895304549,0.0039593774465425
P13,snippet16,0.0407299438346697,0.0712026836046368,0.0196064902439132,0.0463395155421961,0.0381595552703993,0.00921542017333076,0.00753713616922653,0.00261482287629563,0.00177944507786787,0.00221535651311813
P14,snippet1,0.00961691737963721,0.33838754256483,0.0117159318001698,0.208138701143073,0.154774816632367,0.00966224146419658,NaN,0.00142292891074779,0.00156732446754954,0.00542692385945056
P14,snippet2,0.0120672797094801,0.629503788432339,0.0172718109349834,0.385651903678497,0.286977327546821,0.0114381461211334,NaN,0.00133399864823257,0.00153545362771677,0.00585448574142265
P14,snippet3,0.0146335746133908,0.703519592216247,0.0210255801553253,0.431800388500265,0.321790126858414,0.01238221629253,NaN,0.00125965183070546,0.0014507228713061,0.00714162437712174
P14,snippet4,0.0111906915273172,0.72939401681638,0.0194600608340716,0.447074308284808,0.330891345966206,0.0109495424478179,NaN,0.00125375987509888,0.00154762297774363,0.00537153166164303
P14,snippet5,0.0124287698740794,0.565025142773136,0.0200181237774738,0.34854020595555,0.259450669764188,0.0092828776813423,NaN,0.00150198898338438,0.00174244701863894,0.00579770202574116
P14,snippet6,0.00926158504277904,0.300798977628013,0.0197179743772328,0.190457854194592,0.142783401441417,0.00680032278640876,NaN,0.00133333102112104,0.00156736935046687,0.00561567135117247
P14,snippet7,0.00722169956816485,0.313314466380898,0.0100866063587941,0.192596303730182,0.143727139110872,0.0110976547116802,NaN,0.00119674190298651,0.00148834597110389,0.00578845647441767
P14,snippet8,0.00999940734908514,0.426960196854802,0.0154252608249469,0.263431393138032,0.199067893211617,0.00858419757362773,NaN,0.00136707457869945,0.00144376207021579,0.00432005992779074
P14,snippet9,0.00826068580700442,0.363900148520829,0.0133363572630145,0.224689766308905,0.166882339563119,0.00740395624770241,NaN,0.000816489729735424,0.00122272917939998,0.00398327953214878
P14,snippet10,0.0124917212419618,0.488748829041486,0.0152511905509589,0.299901667507075,0.222028000035176,0.00921990999801249,NaN,0.000954298405869417,0.00131003797056286,0.00536839501363961
P14,snippet11,0.0121919233162224,0.467743333309161,0.0177399845743554,0.288851606066865,0.21637815852352,0.00921570696481888,NaN,0.0011491048112097,0.00140959662977888,0.00501378396685927
P14,snippet12,0.0111735469786454,0.60995680223534,0.0209458382607949,0.376306874901952,0.279606779746496,0.00944278707803746,NaN,0.00137261270621352,0.00168028639902555,0.00577496497758339
P14,snippet13,0.00803814750642013,0.639987745014824,0.0178543471489115,0.393097625796957,0.291347776314978,0.0126588689478375,NaN,0.00125132616667124,0.00151294955521101,0.00663501673432708
P14,snippet14,0.00920308306643326,0.408580798710786,0.013245122522389,0.251254936126618,0.187142532029308,0.00733848297377273,NaN,0.00109798742674627,0.00129450147904348,0.00450789605257502
P14,snippet15,0.0107579231356235,0.376638556695988,0.0229819880195534,0.2376207422022,0.179457187589723,0.00661100244210075,NaN,0.00193507034777141,0.00234591611148426,0.0085027018564386
P14,snippet16,0.0109007056828125,0.539767708230739,0.0164381363000467,0.331543365581909,0.247010195025514,0.0116188652726672,NaN,0.00159817944657936,0.00166161678440957,0.00682358972286373
P15,snippet1,0.044324257178545,0.178494337177968,0.0230565487356421,0.112065680112457,0.0871810862731475,0.0102263910102982,0.00494033075541015,0.00480591450821546,0.00436672764196227,0.00450947603965097
P15,snippet2,0.0416893975053669,0.183743849033754,0.0244267015210019,0.11656445083178,0.0906037825270495,0.00776640144782042,0.00373997262807342,0.00358886102520768,0.00327307947269496,0.00351000564729137
P15,snippet3,0.0231796324837607,0.088762308242645,0.0144058587572795,0.0572649737032026,0.0459936742436377,0.0104201071225505,0.00485492851423812,0.00443891770008437,0.00423883215054448,0.00437739678761006
P15,snippet4,0.0664409901581594,0.179021000999908,0.0335307635909811,0.114242860722901,0.0909696223194579,0.0120942766991452,0.00577152912707388,0.00543823386365723,0.00483114024809594,0.00488706763538129
P15,snippet5,0.042746408009898,0.167661877049595,0.0223926152101842,0.105483413753888,0.0817272283624835,0.012895063466676,0.00535683161926754,0.00379712876400824,0.00329894178736294,0.0035675954533914
P15,snippet6,0.042162542121349,0.1784359617966,0.0240578340666735,0.113063769093694,0.088417406289615,0.0120716887447511,0.00515097133900164,0.00543332671601555,0.00467620373869691,0.00487098931631753
P15,snippet7,0.0346399176267057,0.173544690408855,0.0215092610138499,0.110104387328281,0.0855996230569446,0.014387662560976,0.00658224319349819,0.00449691224042408,0.00413118739115324,0.00453283673850352
P15,snippet8,0.040132998033084,0.162925859896035,0.0218786783245592,0.10285612332574,0.0803331368704981,0.0121879518335232,0.00506242168425478,0.00517723127021898,0.00497419581831104,0.00505089081883507
P15,snippet9,,,,,,,,,,
P15,snippet10,0.0256588363365447,0.120300506361924,0.0141658946206643,0.0755480733222442,0.0585504473241513,0.0100157749545953,0.0037193779706467,0.00403316041181136,0.00330953227845737,0.00351555778253544
P15,snippet11,0.0356311082381006,0.174665176869727,0.0201710871916632,0.109775536789214,0.0853045611981878,0.0115742346324888,0.00513741618861167,0.00517189261859178,0.00447551948747007,0.00465248740845294
P15,snippet12,0.0323759594903916,0.196270292542309,0.0199392366196028,0.123250525599069,0.0967581558623902,0.015039146119166,0.00592289738556901,0.00427812830347856,0.00414357140569934,0.00438867328634517
P15,snippet13,0.0275763193626845,0.134575807383892,0.0168229236387192,0.0853239747410299,0.0662017512136209,0.0105704622028392,0.00378138910839924,0.00389032249302669,0.00373307837408727,0.00394811357457617
P15,snippet14,0.0236482305753857,0.123675371676493,0.0155228085826545,0.0787892620404112,0.0623327911513666,0.0107536779481643,0.00462144935725942,0.00445018044521929,0.00447001885506502,0.00452402581318341
P15,snippet15,0.0522561246586381,0.266614004345351,0.0272653248667598,0.165876372595539,0.126642177318009,0.0106079824542022,0.00398660288180638,0.00434815735612009,0.00381980238618723,0.0051094471893594
P15,snippet16,0.0308959720292929,0.244222643332564,0.0209337354887123,0.152914632886907,0.117605751621725,0.00913763130239,0.00361797305192088,0.00340478530721071,0.00340873462507877,0.0039660748524004
P16,snippet1,0.0115814568008576,0.0128555254141001,0.00772426980346511,0.0100315857703676,0.00891728415848156,0.00423760771263633,0.00418743904168911,0.00262378104403737,0.00172187001146681,0.0017988128782553
P16,snippet2,0.0127813433689979,0.0290982442155173,0.0100045056739398,0.0209053812598747,0.0175035413670682,0.00452916969978898,0.00403872686619429,0.00243209890480236,0.00161974254498359,0.00194170792195116
P16,snippet3,0.0292415096359273,0.124549690815474,0.0179887038788025,0.0796747348893803,0.0640941207448004,0.00456057067284694,0.00316769566702403,0.00252568178772815,0.00163999115828094,0.00175647626934195
P16,snippet4,0.0173512941265718,0.0428063493227266,0.0125317133159341,0.0297325787578821,0.0247707232552231,0.00531440646652823,0.00423235667117743,0.00331233976358232,0.00209721577791796,0.00228830955205858
P16,snippet5,0.016433408052315,0.0421450041220189,0.0114348633496016,0.0288612388725093,0.0238263542832728,0.00396377467265621,0.00358746115526114,0.00235277487321315,0.0016124241972661,0.00188841253091569
P16,snippet6,0.0153823684538832,0.0401623149441054,0.0105967711990942,0.0273789779951431,0.0234242529200862,0.00416823975861555,0.00363701831586624,0.00236044381373321,0.00162637643378068,0.0018610317800449
P16,snippet7,0.0181971100121393,0.0695994338364594,0.012694884397764,0.0457371689381062,0.038299144764548,0.00590175317813204,0.00507921699949124,0.00248311122917059,0.00154514130786066,0.00170086001614064
P16,snippet8,0.0412668733344086,0.0498637453299155,0.0235084087739094,0.0357699177954132,0.0313974236908866,0.00449821427966462,0.00367904457173848,0.00490797819757798,0.00287170946350803,0.0029375890165853
P16,snippet9,0.0177428647182873,0.0255189560706743,0.0144153003951961,0.0204119809358648,0.0176013476513924,0.00456225999940548,0.00385712835664869,0.00230528717071455,0.00148305891349954,0.00185669086892219
P16,snippet10,0.0331609841019982,0.0768352459830699,0.0193150629685395,0.051057988550566,0.0416303271718118,0.00626622107596755,0.00452863742246603,0.00426846917411977,0.00246161014952963,0.00263118074022119
P16,snippet11,0.0146264679965894,0.0361103598687061,0.0106735315319962,0.0251450412411035,0.0214918855351769,0.00480563439959548,0.0038816590207447,0.00323814512167352,0.00198105569459846,0.00212858947427753
P16,snippet12,0.0151568138580056,0.0338763039466385,0.011054588212704,0.0239271725240044,0.0198209753668032,0.00426270459852087,0.00348535110375371,0.00230661362774759,0.00155153033291473,0.00182907380329317
P16,snippet13,0.0169980376525397,0.0249083888410765,0.0106608451114057,0.0179419328409814,0.015796372032812,0.00395355643485105,0.00301206283659244,0.00308629852357017,0.00197322150179087,0.00218400872680694
P16,snippet14,0.0137780146480315,0.0243554691890574,0.00939613644606255,0.0174953604514657,0.015631758117584,0.00480961555324133,0.00511406379249275,0.00226164915638935,0.00167896214898881,0.00197468938498868
P16,snippet15,0.010274778090296,0.0308370487105294,0.00826424228428334,0.0214058189788284,0.0181935815179773,0.00393435073435643,0.00334554168197673,0.00268753695114686,0.00167572052654283,0.00194094213637664
P16,snippet16,0.0105770511753137,0.0141481602338968,0.00894771283316442,0.011742113605174,0.0109460949191818,0.00399734805344904,0.00377991730058235,0.00241436262053201,0.00160579034609442,0.00189611450994079
P17,snippet1,0.100124081988899,0.31598263336445,0.06100702512165,0.20616897869388,0.170411687689623,0.0131990475519143,0.0112117042609269,0.00693341434977094,0.00451172667907974,0.00544768798252348
P17,snippet2,0.0398737617699799,0.269185369144243,0.0240595036286251,0.167972171309725,0.130705372807483,0.00791081840487039,0.00628411991586565,0.00494548074204747,0.0031496878675414,0.0039447163781215
P17,snippet3,0.0282089795991939,0.14712361994512,0.0224801501452042,0.0961204661343555,0.0774316524286498,0.00933003634517391,0.00720532130951163,0.00479166213570353,0.00344218013136917,0.00395029205314792
P17,snippet4,0.0475882220062975,0.167358684097035,0.0266293664586036,0.106875185932124,0.0867051199221916,0.00759018888706065,0.00679181391066886,0.00580358608996158,0.00339190376656539,0.00361379402922201
P17,snippet5,0.0494096900150266,0.405416532395839,0.0312756444545882,0.252133368107251,0.195106167389772,0.00818726884001429,0.00643209200732651,0.00439417207023953,0.00307434487514919,0.00404719379949161
P17,snippet6,0.0568065990797864,0.256675920714276,0.0420595671466522,0.1678799729006,0.13442917665669,0.0151007182309257,0.0117419096585938,0.00686560865396291,0.00486875925311831,0.00579368122921217
P17,snippet7,0.0319147461998357,0.200090428905753,0.0189853556738104,0.125062521507771,0.098517599029022,0.0123765491687932,0.00940939945855606,0.00381450476299,0.00279786692316319,0.00343759373702611
P17,snippet8,0.461260006821494,1.41629396140654,0.193959099169958,0.873899834981599,0.75059882898975,0.0138581026023271,0.0118426367363394,0.00450697634777188,0.00359847028045481,0.0147491833270963
P17,snippet9,0.0631151047774959,1.12174529518755,0.0400159761807127,0.684433741865456,0.51315035621705,0.00731813412976667,0.00613380477870885,0.00656518106089541,0.00421738119884483,0.00664533048151754
P17,snippet10,0.029531566525759,0.22326218837581,0.0194182229435389,0.139701933486458,0.108234842483919,0.00616817249301408,0.00466320428041213,0.0037071548459084,0.00284045242427735,0.00331807709363635
P17,snippet11,0.197749039317947,0.437600358790806,0.083960402502104,0.273386648912157,0.211678302610147,0.00950233935397705,0.0081140521223399,0.00727099823642284,0.00479625418184987,0.0065994681946243
P17,snippet12,0.0419120208691611,0.41209260919578,0.0369965475271334,0.261071089859916,0.207211995636146,0.0112306790596074,0.00812619776045021,0.00812617884036156,0.00553490240367248,0.00521828726963942
P17,snippet13,0.0392997940946673,0.137377298395149,0.0308323785823695,0.0930658473675775,0.0765625233839024,0.0096933404136011,0.00722882143923138,0.00728005123928217,0.00487999147001506,0.00488978949458105
P17,snippet14,0.05574902496099,0.235906173154972,0.0417601287517302,0.155449976151824,0.125340759192925,0.0167350685060938,0.0150397753730776,0.00965188032233862,0.00565961979182709,0.00559882801742798
P17,snippet15,0.0337052969796435,0.205322072095783,0.0213732850289227,0.129276154878894,0.101537698812356,0.0127883340673575,0.00937567068451944,0.00624082614325324,0.00383627435269273,0.00389496894101328
P17,snippet16,0.0481471650605588,0.264113915698571,0.0416368037404323,0.17382099865129,0.138048952311095,0.0170812143224396,0.0129513455311119,0.00680987194294733,0.00494382075670947,0.00557491860994577
P18,snippet1,0.00570064288906302,0.00867613927417969,0.00496579375588201,0.00704503124022442,0.00644327337763697,0.00214756582132334,0.00165669054000887,0.00174428162444482,0.00104371370585281,0.00132237919820352
P18,snippet2,0.00643416545294964,0.020945891170276,0.0049713457154215,0.0142635090408286,0.0116769782074156,0.00220828058760322,0.00202083562175952,0.00170259633447235,0.000996464760429329,0.0013960683846787
P18,snippet3,0.00651308274298791,0.0152294552243354,0.00525275866042499,0.0109867117822586,0.00985194635984048,0.00196837007850751,0.00150218701574763,0.00180925551909902,0.00105837859421926,0.00137849675716815
P18,snippet4,0.00681879111443099,0.00868766879635921,0.0053160700378333,0.00703848507762931,0.00667144319028056,0.00224954199601324,0.00159002913842106,0.00185719830250929,0.00108522278706251,0.00127555025281375
P18,snippet5,0.00698954468663486,0.0106179773883177,0.00557194535669173,0.00831604470967871,0.00774477930074556,0.00247438606669726,0.0022567736929931,0.0017160553110174,0.00106370025248245,0.00132099530917834
P18,snippet6,0.00896987642942513,0.00945845862718165,0.00609126920238753,0.00753586141185649,0.00692053101371872,0.0021479641773169,0.0017328023448496,0.00254777699966644,0.00137985361562832,0.00157476033500849
P18,snippet7,0.00631074549219284,0.00965011308004563,0.00507957964947491,0.00757566653927376,0.00688800600299055,0.00210634776926841,0.00183303991831767,0.00156855114092603,0.000943124751069955,0.00115928506612707
P18,snippet8,0.00598142727843805,0.0122901605777311,0.0052129394397467,0.0093055745547991,0.00806595498365236,0.00222714392459035,0.00179338587598833,0.00178742442208725,0.00113169087900571,0.00148847483188736
P18,snippet9,0.00826272825374609,0.0148904052972491,0.00663249913113148,0.0112611970062791,0.010400815173261,0.00222050458662259,0.00182862659438243,0.00201222292708575,0.00110153344258296,0.00135589621358701
P18,snippet10,0.0199189077353094,0.0261941215898724,0.0107101536027003,0.0181587835684818,0.0161215952080403,0.00253800153449036,0.00224871648302983,0.00325985617775627,0.00178539028742267,0.00200952730556631
P18,snippet11,0.0059927023457034,0.00866316812873486,0.00489914995872578,0.0069388503833357,0.00645635026818441,0.00223388882747866,0.00196846944767247,0.00185597312432919,0.00104700272887101,0.00128835162436732
P18,snippet12,0.00702749205271532,0.00872807153001332,0.00549090438965235,0.00712588714125634,0.00664596953757625,0.00203344386881496,0.00176574631174141,0.00181076415064553,0.00104495465396961,0.00135052431063835
P18,snippet13,0.00732952097714774,0.0235091654692865,0.00595063235565988,0.0162099744995383,0.013868910771048,0.00237753634891656,0.00180904288617287,0.00176182045221037,0.0010355240853346,0.00140957011570261
P18,snippet14,0.0107115076104889,0.015784812711201,0.00735039194688841,0.0117388212727559,0.0108116856299732,0.00241868915468717,0.00243574476569655,0.00198105515152211,0.00111833845473775,0.00142061307344142
P18,snippet15,0.00766524434149145,0.0102325765453169,0.00584968418893596,0.00811630757225342,0.00757098598992671,0.00203651909040611,0.00194424168957544,0.00212980585211663,0.00116316447280053,0.00148810609076195
P18,snippet16,0.00702507997590632,0.0114505225185509,0.00533867900625841,0.00866850491970429,0.00800418433416169,0.00183197145168874,0.00166640571674479,0.00205162848713781,0.00116686671346569,0.00151659768966234
P19,snippet1,0.0141000289308668,0.0396354465526528,0.0112925364859054,0.0277367840369616,0.0223110827924844,0.00842960591431127,0.00670406684615102,0.00168043962444303,0.00108673181933116,0.00134150574897774
P19,snippet2,0.00762179370773901,0.013046209984636,0.0064660021345289,0.0101829685299511,0.00911491082529444,0.00330766743396024,0.00220144116319444,0.00203762661198653,0.00110977536974705,0.00112849465457462
P19,snippet3,0.00974465877470138,0.0148438824429613,0.00741138421666011,0.0114042282408326,0.0103183779843884,0.00369945602656866,0.00229417104936738,0.00227990008421947,0.0015348340986528,0.00224650552036859
P19,snippet4,0.0145973508366984,0.0462422665407461,0.0135327701971447,0.0329455518753949,0.0266778784420429,0.00942763120741419,0.00724656569045548,0.00215332240000971,0.00128537986766602,0.00148080461250982
P19,snippet5,0.164801216380364,0.118932049354937,0.0749026200428356,0.0833405583625908,0.0944672485689737,0.00685355275202955,0.00455417491783999,0.00556853345179657,0.00295247597244385,0.00303928586765278
P19,snippet6,0.0209845188064946,0.0497596224148887,0.0171963179822979,0.035976660477013,0.0284113872586629,0.00646308279955345,0.0061165684984778,0.00167943589161877,0.00107702816956999,0.00120032255562657
P19,snippet7,0.0159367181282552,0.0764331596051121,0.0183302956607615,0.0536707295338731,0.0432134267575652,0.00811549837943121,0.00822428774781872,0.00160579175364091,0.00105285450210644,0.0014340133818534
P19,snippet8,0.0148498649148014,0.0505705807073437,0.0140996844863196,0.0358321861332376,0.0291637443806404,0.00896118595418772,0.00609960744230269,0.00199649914756144,0.00121728679285518,0.00139055998615833
P19,snippet9,0.0123058865498404,0.0105451367217562,0.00764257454693343,0.00845144945124569,0.00834531288024699,0.00354526481093655,0.00236885707988472,0.00327353979560692,0.00170493622230698,0.00153095322097841
P19,snippet10,0.00499144316241063,0.00515966778871095,0.00385802012077385,0.00441232411320876,0.00458795465777452,0.00610895805198435,0.00361359660587455,0.00205616000290601,0.00141388910625578,0.00237491421340795
P19,snippet11,0.0178904687178059,0.0375050237915947,0.0128752585911842,0.0266500756861061,0.0238513915124851,0.00749593045126986,0.00596104683459184,0.00187680151250902,0.00124208701998337,0.00154280843257049
P19,snippet12,0.0126232676253763,0.0248625948347241,0.00992558306320309,0.0183482532136811,0.0155993276866757,0.00556888954757658,0.00438525059254392,0.00187529924577496,0.00123917474019693,0.00137109158086448
P19,snippet13,0.0192748945060178,0.0498306684985722,0.0164949003357661,0.0359403623993994,0.0283304981188604,0.00485532288228165,0.00475024972758075,0.00225666473077778,0.00143455270199789,0.00176957377991204
P19,snippet14,0.0238727843123211,0.0728559621544878,0.0194583779921802,0.0506140472255366,0.0396937958099142,0.00759848328443638,0.00710160575128836,0.00175993834329497,0.00113320493195077,0.00151029731302842
P19,snippet15,0.0206381414391417,0.0629109399464654,0.0167834340822833,0.0436889961294209,0.0353238182589169,0.0106217124619286,0.00908244572318209,0.00299709450014519,0.00182007449081246,0.00241877215455548
P19,snippet16,0.0270055992102706,0.0766656335415379,0.0234151268991552,0.0546473364223618,0.0427490493591589,0.00716942051339491,0.00706553565247287,0.00209662438451823,0.00126332224590594,0.00149424063585363
P20,snippet1,0.0207540311696369,0.0748440589533796,0.0153580116228634,0.0499704361118185,0.0404268921269936,0.00240715905228274,0.00195891477244671,0.00138600860010843,0.0012046367646683,0.002735853393646
P20,snippet2,0.0199600103376038,0.0746421256647666,0.0150486804927963,0.049822481627017,0.0409225105908488,0.0027626854851225,0.00246171943057087,0.00166350324966588,0.00124430418205787,0.00223855096134648
P20,snippet3,0.0326178371509657,0.0417345565347884,0.0210244822628199,0.0311318558483719,0.276701015153838,0.00485109844119471,0.00502629413753312,0.0146520280898078,0.0113367137043547,0.0377401074472713
P20,snippet4,0.0148246244563005,0.0374211010873818,0.00970744300352256,0.0253122015632825,0.0216807897723855,0.00204596622877183,0.00186598591088168,0.00152443032806731,0.00103993078676354,0.00151617875209898
P20,snippet5,0.0133342598287009,0.0405277919483382,0.0105617886268156,0.0279868963793521,0.0242479222955308,0.00202362424624484,0.00159313639711695,0.00555815101774585,0.00394705627788755,0.00398391945221352
P20,snippet6,0.0173209492558945,0.0402272655494116,0.0102771510317253,0.0268384600975032,0.0228330690217232,0.00208535683985812,0.00176629509894565,0.00202663905018032,0.00118427529466489,0.00145003035783282
P20,snippet7,0.0165272370980758,0.0326888806548204,0.0112026698167424,0.0230294828633226,0.02002042324568,0.0020542197170743,0.00194208317393686,0.00110078327374568,0.000945203519563524,0.00238962748434847
P20,snippet8,0.0104032674512727,0.0299032834229919,0.00780337947179863,0.0205433442466198,0.0175648877061526,0.00199951996622397,0.00191057858494606,0.00131033080229573,0.00102288956441893,0.00204247472247856
P20,snippet9,0.0228288208866371,0.0922183817866657,0.0166352917019078,0.0607464399158167,0.0487224911114403,0.00284039889806871,0.00227388955887151,0.00191943201290393,0.00141858962510557,0.00262702994741391
P20,snippet10,0.0121262582183682,0.074318219461955,0.0102429027156392,0.0483114216628829,0.0395599144483688,0.00233528730577564,0.00209957902902631,0.00113465677560955,0.00102480213717544,0.00278590275790619
P20,snippet11,0.0132715482488926,0.0555014672700425,0.0100890934109113,0.0367000267587937,0.0300553533981004,0.00200097333420946,0.00186408384032539,0.00160998024670351,0.000995729446335452,0.00140299303449248
P20,snippet12,0.0234627024295587,0.0441694823131892,0.0134760599110534,0.0298947848486339,0.0261226210940835,0.0030337981626644,0.00432597733824874,0.0021136884618682,0.00122386433787365,0.00183086631549832
P20,snippet13,0.0106401788598012,0.0600705246834638,0.00912316398360191,0.0393881774282792,0.0323420705878085,0.00278147988602452,0.00160543946741833,0.00189071410416185,0.0013954793733517,0.00287489423236245
P20,snippet14,0.0373765734992591,0.0615391417598707,0.029506745013326,0.0471522173640662,0.0395323859278279,0.0029567313090965,0.00221787737622949,0.0270611048964707,0.0206248487672425,0.0134184897595439
P20,snippet15,0.0205486910706966,0.0485765532300004,0.0122560402663121,0.0323898178836482,0.0271609713673448,0.00184798037851322,0.00161579919681578,0.00180737653935905,0.00103364087999847,0.00145564239945067
P20,snippet16,0.0697774456769699,0.118243392036144,0.0468703864940947,0.0851127779827491,0.0788020240336612,0.00434566910497876,0.00371419556796667,0.00647693380213665,0.010511119081585,0.0113679865081085
P21,snippet1,0.0286705071052769,0.172617376116646,0.0192068186279634,0.10936041542571,0.0828127590667187,0.00394452226477451,0.00428718291396896,0.00305339483007673,0.00225512135274065,0.00284006579058315
P21,snippet2,0.0980992174265225,0.350586027768165,0.051444031882991,0.221598192305389,0.167880313833847,0.00858832104635613,0.00978382203198755,0.003335076494062,0.00316283399774133,0.00591214990694115
P21,snippet3,0.00904961993694438,0.0203071309625703,0.00600207786583106,0.0139756013096519,0.01158274225725,0.00201993464121219,0.00183028799023033,0.001328314893173,0.000869067731646143,0.00146191471650608
P21,snippet4,0.0219485066591368,0.158793986733918,0.0160142178105235,0.100495221394837,0.0761722803187643,0.0048226463894893,0.0053577294496504,0.00134837961634268,0.000922623066871375,0.00154435351208273
P21,snippet5,0.0581055483120413,0.155875158481954,0.0296075007588013,0.0996684858820452,0.0765370074530462,0.00578824042858425,0.00637586046361906,0.0062493257899399,0.0045464023647098,0.0050644063297888
P21,snippet6,0.0405258608744391,1.15772185481321,0.0286920754856842,0.703743186004448,0.511678507468954,0.00837371420894199,0.0105198683514563,0.00180024292200503,0.00146209082715503,0.00475124698433511
P21,snippet7,0.0367153579031391,1.4310935944036,0.0352532493615507,0.872465034678463,0.631499312459381,0.00730832147095545,0.00909038076571171,0.00159433034206694,0.00103839798996831,0.00321839528631948
P21,snippet8,0.0239340992333335,0.0786800294220451,0.0127755277061013,0.0500865144302211,0.0384519518163186,0.00354112283746781,0.00393103331934837,0.00138185899558125,0.000873935777741047,0.0014156239901354
P21,snippet9,0.039893714011774,1.86938933920828,0.0402002185112247,1.13777499182935,0.824202164561168,0.00830241250538679,0.00698183875180257,0.00140696937275339,0.000937629499141566,0.00277165748696779
P21,snippet10,0.0318828440407558,0.1630232001968,0.021083889685834,0.104087685121429,0.0794457734632477,0.00298577939234808,0.00290949964298625,0.00149312976782554,0.00101545720166705,0.00164056220980358
P21,snippet11,0.0290118365536714,0.125884047107506,0.0188982850904578,0.0810670320080439,0.0621823054204929,0.00452023964438605,0.00461660254846513,0.00515263523210836,0.00356589975070929,0.00392395438843624
P21,snippet12,0.0120255645459896,0.030576818038302,0.00824500428214453,0.02088798048307,0.0168842643537039,0.00221119921344865,0.00225492298057051,0.00122274953093149,0.000865991038575603,0.00145023026771631
P21,snippet13,0.0117137270137896,0.0861056995441798,0.00775572544595267,0.0539741095913215,0.0405484924083497,0.00214328312802449,0.0020929234942372,0.00123954536149056,0.000848927984348151,0.00130850368931146
P21,snippet14,0.0378849134583873,0.159078467188358,0.019644031097411,0.0996565162797841,0.0746457515494241,0.00350623455054037,0.0030081504121972,0.00156260329133277,0.000994375765284085,0.0015430299937078
P21,snippet15,0.018099066966257,0.0988636232877001,0.0122700678583529,0.0630604012943804,0.0484891511271824,0.00329529833583257,0.00310316746252649,0.00162315715290855,0.00106922235868204,0.00177248156461855
P21,snippet16,0.0136703878766164,0.0619992892866996,0.00820650129651436,0.0393893967746051,0.0300844184766458,0.00259200724820195,0.00233367971059592,0.00163562398476327,0.00098753590570488,0.0014457418821251
P22,snippet1,0.0142070444415512,0.0548197459345377,0.00941818252583748,0.0357013481879149,0.0295283909215891,0.00378181591099063,0.00329741354687531,0.00237076405413594,0.00158552045624438,0.00173716624677521
P22,snippet2,0.0172504548403884,0.0232896003003595,0.0108579850478003,0.0170384602408182,0.0148669663867594,0.00290282611019716,0.00271209421318053,0.00290398844261661,0.00166338711376895,0.00184769492939261
P22,snippet3,0.0092449314278377,0.0370636000602391,0.00797115556842177,0.025171867091629,0.0221329477548581,0.00304025836747644,0.00275423906851688,0.00231743801773628,0.00139937744914407,0.00150290452129609
P22,snippet4,0.0121535939144712,0.0498476625375035,0.00894674691063535,0.0328459268859891,0.0274978147942762,0.00296530599684974,0.00258685864776928,0.00222163561161574,0.0014969367367191,0.00172331107585172
P22,snippet5,0.0139181730052386,0.0730538388763202,0.00925425492039806,0.0466012216769832,0.0381728647791468,0.00363571448963023,0.00294791307289737,0.00413949128393483,0.00226562928516852,0.00215704198199508
P22,snippet6,0.0112736877264597,0.0889584389915597,0.00869524585114826,0.0563374733603328,0.04314007900852,0.00317572063400311,0.00321012812671182,0.00200587151694092,0.00134308501508438,0.00163807466418393
P22,snippet7,0.0157622477896582,0.0646153174459896,0.00995594121526113,0.0415903056388188,0.0329969082035854,0.00356781703934358,0.00353309481064783,0.00243160122556838,0.00156265073544082,0.00205886510457621
P22,snippet8,0.0119700014276006,0.0554785673004507,0.00861150563901324,0.0360600434781582,0.0289076914266777,0.00290896729407759,0.00265121018086189,0.00285913833161097,0.00176625333624011,0.00184380478406818
P22,snippet9,0.0107358267652005,0.0373815034912004,0.00853177637205889,0.0254008025649155,0.0220280654980039,0.00306269248708482,0.002387217637446,0.00204096778005709,0.00131623554827673,0.00163735144490024
P22,snippet10,0.0119281814697844,0.0366318548876334,0.00933513283568211,0.0251945563400324,0.0215200329469326,0.00321884506289839,0.0031758616777149,0.0019043661974088,0.00128968661916886,0.00156373456989142
P22,snippet11,0.0102247687702905,0.0699555289722699,0.00779335197625388,0.0446043748150561,0.0353299140892198,0.00296186880338469,0.00258047411561221,0.00195930694041416,0.00127367985994154,0.00153275447818414
P22,snippet12,0.0184222472289885,0.0885694778265967,0.0111376946986454,0.0561398540693476,0.044788423425014,0.00303081427235412,0.00273798116602856,0.00267533269482989,0.00158599964113147,0.00187897855893828
P22,snippet13,0.0112835632664613,0.0232089810956365,0.00836202801274069,0.016685892811734,0.0142926151046644,0.00283736044137296,0.00254104815062704,0.00220769600924242,0.00146184621344248,0.00168436699110648
P22,snippet14,0.0107825119948495,0.0415307911907462,0.00845372220882243,0.0278342056407713,0.0237161780985274,0.00359136970553481,0.00419765111107736,0.00203528940774309,0.00141208246202088,0.00191610574777986
P22,snippet15,0.0218178556197445,0.100361022429132,0.0173523638596538,0.0662644606493224,0.0535797509232424,0.00659683935574229,0.00637109363824477,0.00276986472949716,0.00204550338349177,0.00248477065698565
P22,snippet16,,,,,,,,,,
